insert into shop (id, name, location, phone) values (1, 'Heather', 'Room 16', '428-418-4060');
insert into shop (id, name, location, phone) values (2, 'Gregor', 'Suite 41', '413-351-5510');
insert into shop (id, name, location, phone) values (3, 'Merissa', 'PO Box 30594', '969-505-9571');
insert into shop (id, name, location, phone) values (4, 'Glynn', 'Suite 64', '588-872-9404');
insert into shop (id, name, location, phone) values (5, 'Lissie', '2nd Floor', '577-513-1062');
insert into shop (id, name, location, phone) values (6, 'Land', 'PO Box 45719', '482-990-3343');
insert into shop (id, name, location, phone) values (7, 'Craggy', 'Apt 398', '580-694-4236');
insert into shop (id, name, location, phone) values (8, 'Kerri', '16th Floor', '618-381-2862');
insert into shop (id, name, location, phone) values (9, 'Gwen', 'Room 1039', '452-192-3703');
insert into shop (id, name, location, phone) values (10, 'Emmett', 'Suite 77', '525-402-0433');
insert into shop (id, name, location, phone) values (11, 'Bourke', 'Suite 92', '417-702-3790');
insert into shop (id, name, location, phone) values (12, 'Siobhan', 'Apt 985', '664-108-3300');
insert into shop (id, name, location, phone) values (13, 'Kris', 'Suite 34', '931-940-7213');
insert into shop (id, name, location, phone) values (14, 'Esta', '15th Floor', '617-689-1311');
insert into shop (id, name, location, phone) values (15, 'Kermy', 'Room 1575', '213-918-2695');
insert into shop (id, name, location, phone) values (16, 'Neddie', 'Suite 58', '281-652-9875');
insert into shop (id, name, location, phone) values (17, 'Alic', 'Suite 36', '243-947-8034');
insert into shop (id, name, location, phone) values (18, 'Emogene', 'Room 152', '182-230-8623');
insert into shop (id, name, location, phone) values (19, 'Nobie', 'Apt 411', '131-408-7830');
insert into shop (id, name, location, phone) values (20, 'Myrle', 'Apt 1947', '497-643-9615');
insert into shop (id, name, location, phone) values (21, 'Sky', '2nd Floor', '405-262-6764');
insert into shop (id, name, location, phone) values (22, 'Drusie', 'PO Box 89382', '973-623-8536');
insert into shop (id, name, location, phone) values (23, 'Fred', 'Apt 939', '773-921-5158');
insert into shop (id, name, location, phone) values (24, 'Sissy', 'Room 917', '628-423-3497');
insert into shop (id, name, location, phone) values (25, 'Shannen', 'PO Box 34594', '544-339-5969');
insert into shop (id, name, location, phone) values (26, 'Ryun', 'Apt 531', '590-674-5018');
insert into shop (id, name, location, phone) values (27, 'Hinda', 'Apt 1355', '176-398-0134');
insert into shop (id, name, location, phone) values (28, 'Reidar', '17th Floor', '826-884-0569');
insert into shop (id, name, location, phone) values (29, 'Ashleigh', '9th Floor', '404-553-5225');
insert into shop (id, name, location, phone) values (30, 'Gretna', '6th Floor', '884-375-4160');
insert into shop (id, name, location, phone) values (31, 'Gilly', '12th Floor', '271-455-7755');
insert into shop (id, name, location, phone) values (32, 'Torey', 'Apt 1517', '467-675-0653');
insert into shop (id, name, location, phone) values (33, 'Zacharia', '12th Floor', '921-853-8392');
insert into shop (id, name, location, phone) values (34, 'Moina', 'Room 1892', '248-147-7823');
insert into shop (id, name, location, phone) values (35, 'Phaidra', 'Apt 1566', '877-585-2380');
insert into shop (id, name, location, phone) values (36, 'Kenny', 'Room 1697', '207-126-2948');
insert into shop (id, name, location, phone) values (37, 'Merrily', 'Apt 1563', '485-977-3954');
insert into shop (id, name, location, phone) values (38, 'Gian', 'Suite 8', '369-567-4397');
insert into shop (id, name, location, phone) values (39, 'Avie', '11th Floor', '648-618-0357');
insert into shop (id, name, location, phone) values (40, 'Lavina', 'PO Box 92455', '393-691-2169');
insert into shop (id, name, location, phone) values (41, 'Patrica', '15th Floor', '525-669-5988');
insert into shop (id, name, location, phone) values (42, 'Orion', 'Apt 1242', '989-674-2948');
insert into shop (id, name, location, phone) values (43, 'Danya', 'Apt 109', '346-746-8566');
insert into shop (id, name, location, phone) values (44, 'Celia', 'PO Box 94564', '711-247-5866');
insert into shop (id, name, location, phone) values (45, 'Bridie', 'PO Box 87071', '405-571-8300');
insert into shop (id, name, location, phone) values (46, 'Querida', 'PO Box 21979', '918-239-0288');
insert into shop (id, name, location, phone) values (47, 'Briant', 'Apt 741', '468-674-9506');
insert into shop (id, name, location, phone) values (48, 'Judith', 'PO Box 92384', '811-590-4123');
insert into shop (id, name, location, phone) values (49, 'Milissent', 'Suite 41', '311-414-5108');
insert into shop (id, name, location, phone) values (50, 'Granny', 'Room 1604', '856-369-7051');
insert into shop (id, name, location, phone) values (51, 'Emelina', 'Suite 32', '334-734-2879');
insert into shop (id, name, location, phone) values (52, 'Tobin', 'PO Box 85106', '378-463-1681');
insert into shop (id, name, location, phone) values (53, 'Blanch', '4th Floor', '695-591-9937');
insert into shop (id, name, location, phone) values (54, 'Marianne', 'Room 530', '880-144-4395');
insert into shop (id, name, location, phone) values (55, 'Cal', 'Suite 45', '784-397-8470');
insert into shop (id, name, location, phone) values (56, 'Jere', 'Apt 1899', '972-179-0026');
insert into shop (id, name, location, phone) values (57, 'Denys', 'Apt 470', '963-238-9630');
insert into shop (id, name, location, phone) values (58, 'Laetitia', 'Room 979', '639-492-2425');
insert into shop (id, name, location, phone) values (59, 'Felic', 'PO Box 59048', '813-108-5646');
insert into shop (id, name, location, phone) values (60, 'Benyamin', 'PO Box 70812', '276-797-3326');
insert into shop (id, name, location, phone) values (61, 'Carmon', 'PO Box 86616', '114-318-6968');
insert into shop (id, name, location, phone) values (62, 'Farand', 'Apt 483', '147-759-4655');
insert into shop (id, name, location, phone) values (63, 'Ellyn', 'Room 1080', '496-468-4021');
insert into shop (id, name, location, phone) values (64, 'Caren', 'PO Box 72013', '748-920-8586');
insert into shop (id, name, location, phone) values (65, 'Charis', 'PO Box 78792', '621-290-5010');
insert into shop (id, name, location, phone) values (66, 'Johan', 'PO Box 83546', '514-847-3043');
insert into shop (id, name, location, phone) values (67, 'Madonna', 'Room 1685', '264-953-5301');
insert into shop (id, name, location, phone) values (68, 'Vevay', 'Apt 776', '943-254-8762');
insert into shop (id, name, location, phone) values (69, 'Thaine', 'Suite 8', '547-667-4324');
insert into shop (id, name, location, phone) values (70, 'Brian', 'Room 88', '147-905-1716');
insert into shop (id, name, location, phone) values (71, 'Gabriele', 'PO Box 59677', '427-786-0078');
insert into shop (id, name, location, phone) values (72, 'Clerc', '12th Floor', '413-730-0981');
insert into shop (id, name, location, phone) values (73, 'Leone', '20th Floor', '946-799-9265');
insert into shop (id, name, location, phone) values (74, 'Kristy', 'Suite 14', '778-214-4045');
insert into shop (id, name, location, phone) values (75, 'Bale', 'Room 1972', '417-380-1768');
insert into shop (id, name, location, phone) values (76, 'Ariel', 'Apt 1816', '535-922-6520');
insert into shop (id, name, location, phone) values (77, 'Alva', 'Room 398', '911-357-4441');
insert into shop (id, name, location, phone) values (78, 'Muriel', '1st Floor', '894-382-1038');
insert into shop (id, name, location, phone) values (79, 'Patty', 'Apt 980', '245-905-1982');
insert into shop (id, name, location, phone) values (80, 'Doralynne', 'Apt 1587', '479-793-4950');
insert into shop (id, name, location, phone) values (81, 'Terra', 'Suite 82', '396-791-8230');
insert into shop (id, name, location, phone) values (82, 'Orelie', 'Suite 54', '756-889-4467');
insert into shop (id, name, location, phone) values (83, 'Gilligan', 'Suite 61', '716-777-5965');
insert into shop (id, name, location, phone) values (84, 'Binnie', 'Room 1991', '448-747-3448');
insert into shop (id, name, location, phone) values (85, 'Anstice', 'PO Box 82852', '310-807-7418');
insert into shop (id, name, location, phone) values (86, 'Janessa', 'Room 960', '509-153-8310');
insert into shop (id, name, location, phone) values (87, 'Elysee', 'PO Box 26360', '492-536-0288');
insert into shop (id, name, location, phone) values (88, 'Clerc', 'Room 723', '238-363-9469');
insert into shop (id, name, location, phone) values (89, 'Caddric', 'Room 933', '963-702-8905');
insert into shop (id, name, location, phone) values (90, 'Trudey', 'PO Box 61846', '734-457-6080');
insert into shop (id, name, location, phone) values (91, 'Constantina', 'Apt 1499', '131-985-5084');
insert into shop (id, name, location, phone) values (92, 'Clement', 'Room 1358', '184-919-1884');
insert into shop (id, name, location, phone) values (93, 'Liana', 'PO Box 17435', '723-955-2350');
insert into shop (id, name, location, phone) values (94, 'Giffie', 'PO Box 64376', '277-797-6642');
insert into shop (id, name, location, phone) values (95, 'Ken', '11th Floor', '375-589-9628');
insert into shop (id, name, location, phone) values (96, 'Rafferty', '20th Floor', '642-875-2187');
insert into shop (id, name, location, phone) values (97, 'Livia', 'Suite 58', '199-257-0087');
insert into shop (id, name, location, phone) values (98, 'Clive', 'Apt 1773', '340-917-9160');
insert into shop (id, name, location, phone) values (99, 'Flynn', '3rd Floor', '371-281-6470');
insert into shop (id, name, location, phone) values (100, 'Walther', 'Room 1141', '599-839-1691');


insert into staff (id, first_name, last_name, phone, shop_id) values (1, 'Neille', 'Boord', '903-642-2831', 26);
insert into staff (id, first_name, last_name, phone, shop_id) values (2, 'Rafferty', 'Sandaver', '477-339-3776', 37);
insert into staff (id, first_name, last_name, phone, shop_id) values (3, 'Hayden', 'Ornillos', '164-675-8506', 10);
insert into staff (id, first_name, last_name, phone, shop_id) values (4, 'Boone', 'Chalmers', '261-428-0495', 60);
insert into staff (id, first_name, last_name, phone, shop_id) values (5, 'Danita', 'Bortolutti', '719-187-7991', 83);
insert into staff (id, first_name, last_name, phone, shop_id) values (6, 'Moritz', 'Nolot', '856-981-2416', 23);
insert into staff (id, first_name, last_name, phone, shop_id) values (7, 'Syman', 'Loble', '842-869-8583', 97);
insert into staff (id, first_name, last_name, phone, shop_id) values (8, 'Cindie', 'Revey', '664-140-3479', 16);
insert into staff (id, first_name, last_name, phone, shop_id) values (9, 'Daisi', 'Bleything', '102-756-6649', 84);
insert into staff (id, first_name, last_name, phone, shop_id) values (10, 'Reggi', 'Gimbart', '419-147-8907', 85);
insert into staff (id, first_name, last_name, phone, shop_id) values (11, 'Culley', 'Moggan', '734-568-0899', 90);
insert into staff (id, first_name, last_name, phone, shop_id) values (12, 'Jelene', 'Connikie', '232-887-1870', 26);
insert into staff (id, first_name, last_name, phone, shop_id) values (13, 'Roma', 'Swanbourne', '303-111-0904', 63);
insert into staff (id, first_name, last_name, phone, shop_id) values (14, 'Iona', 'Froschauer', '646-376-7399', 73);
insert into staff (id, first_name, last_name, phone, shop_id) values (15, 'Hendrik', 'Cleator', '259-920-5137', 41);
insert into staff (id, first_name, last_name, phone, shop_id) values (16, 'Noland', 'Jepson', '213-624-4892', 63);
insert into staff (id, first_name, last_name, phone, shop_id) values (17, 'Evelin', 'Shakspeare', '827-761-1234', 54);
insert into staff (id, first_name, last_name, phone, shop_id) values (18, 'Selia', 'Kinnoch', '952-995-9837', 41);
insert into staff (id, first_name, last_name, phone, shop_id) values (19, 'Daffi', 'Grigolashvill', '754-366-4385', 51);
insert into staff (id, first_name, last_name, phone, shop_id) values (20, 'Emmalynn', 'Hoodlass', '639-776-0027', 89);
insert into staff (id, first_name, last_name, phone, shop_id) values (21, 'Yetta', 'Cardenoso', '482-562-6485', 33);
insert into staff (id, first_name, last_name, phone, shop_id) values (22, 'Noach', 'Patinkin', '689-114-9205', 6);
insert into staff (id, first_name, last_name, phone, shop_id) values (23, 'Franky', 'Tollmache', '627-519-5204', 5);
insert into staff (id, first_name, last_name, phone, shop_id) values (24, 'Cherida', 'Padbury', '905-238-5194', 21);
insert into staff (id, first_name, last_name, phone, shop_id) values (25, 'Conn', 'Salack', '489-522-7979', 56);
insert into staff (id, first_name, last_name, phone, shop_id) values (26, 'Roarke', 'De La Hay', '801-334-8122', 29);
insert into staff (id, first_name, last_name, phone, shop_id) values (27, 'Natalee', 'Camillo', '121-454-6541', 75);
insert into staff (id, first_name, last_name, phone, shop_id) values (28, 'Teodor', 'Strelitzer', '387-365-3678', 14);
insert into staff (id, first_name, last_name, phone, shop_id) values (29, 'Harri', 'Doeg', '116-953-4278', 10);
insert into staff (id, first_name, last_name, phone, shop_id) values (30, 'Reid', 'MacCrosson', '933-931-7313', 22);
insert into staff (id, first_name, last_name, phone, shop_id) values (31, 'Roseanna', 'Bloschke', '939-879-8099', 3);
insert into staff (id, first_name, last_name, phone, shop_id) values (32, 'Blanche', 'Fugere', '473-612-7746', 59);
insert into staff (id, first_name, last_name, phone, shop_id) values (33, 'Gayla', 'Inkle', '488-949-4857', 76);
insert into staff (id, first_name, last_name, phone, shop_id) values (34, 'Nathan', 'O'' Cuolahan', '367-995-6872', 32);
insert into staff (id, first_name, last_name, phone, shop_id) values (35, 'Alverta', 'Deesly', '327-801-1859', 56);
insert into staff (id, first_name, last_name, phone, shop_id) values (36, 'Joellen', 'Ebbin', '840-524-7628', 55);
insert into staff (id, first_name, last_name, phone, shop_id) values (37, 'Felic', 'Mouat', '995-454-6754', 81);
insert into staff (id, first_name, last_name, phone, shop_id) values (38, 'Cheri', 'Mansel', '375-893-2176', 21);
insert into staff (id, first_name, last_name, phone, shop_id) values (39, 'Graehme', 'Killeley', '963-233-7735', 54);
insert into staff (id, first_name, last_name, phone, shop_id) values (40, 'Franzen', 'Messruther', '139-447-0681', 54);
insert into staff (id, first_name, last_name, phone, shop_id) values (41, 'Amelita', 'Landeg', '908-507-0598', 3);
insert into staff (id, first_name, last_name, phone, shop_id) values (42, 'Sammie', 'Terbeek', '787-594-5854', 27);
insert into staff (id, first_name, last_name, phone, shop_id) values (43, 'Tobin', 'Marcome', '397-551-3542', 99);
insert into staff (id, first_name, last_name, phone, shop_id) values (44, 'Revkah', 'Tamblingson', '915-364-3890', 15);
insert into staff (id, first_name, last_name, phone, shop_id) values (45, 'Margie', 'Sturton', '159-452-2571', 50);
insert into staff (id, first_name, last_name, phone, shop_id) values (46, 'Standford', 'Penswick', '798-815-3154', 30);
insert into staff (id, first_name, last_name, phone, shop_id) values (47, 'Emmalynne', 'Barok', '131-426-6579', 5);
insert into staff (id, first_name, last_name, phone, shop_id) values (48, 'Morgen', 'Moretto', '252-348-7664', 13);
insert into staff (id, first_name, last_name, phone, shop_id) values (49, 'Jackie', 'Cana', '366-370-1732', 45);
insert into staff (id, first_name, last_name, phone, shop_id) values (50, 'Miles', 'Drains', '141-605-0935', 57);
insert into staff (id, first_name, last_name, phone, shop_id) values (51, 'Margette', 'Larchiere', '451-477-6474', 11);
insert into staff (id, first_name, last_name, phone, shop_id) values (52, 'Ben', 'Cozby', '286-387-9570', 84);
insert into staff (id, first_name, last_name, phone, shop_id) values (53, 'Johnette', 'Tadman', '386-410-6765', 84);
insert into staff (id, first_name, last_name, phone, shop_id) values (54, 'Zachery', 'Goricke', '422-339-4369', 48);
insert into staff (id, first_name, last_name, phone, shop_id) values (55, 'Vail', 'O'' Loughran', '795-355-4975', 45);
insert into staff (id, first_name, last_name, phone, shop_id) values (56, 'Leigha', 'Rieger', '480-537-7102', 13);
insert into staff (id, first_name, last_name, phone, shop_id) values (57, 'Gunar', 'McJerrow', '548-749-3507', 96);
insert into staff (id, first_name, last_name, phone, shop_id) values (58, 'Janaye', 'Warland', '711-339-0938', 6);
insert into staff (id, first_name, last_name, phone, shop_id) values (59, 'Carolyn', 'Condy', '456-951-7490', 5);
insert into staff (id, first_name, last_name, phone, shop_id) values (60, 'Nathanil', 'Loughnan', '732-580-6832', 28);
insert into staff (id, first_name, last_name, phone, shop_id) values (61, 'Janey', 'Hrycek', '781-658-1002', 80);
insert into staff (id, first_name, last_name, phone, shop_id) values (62, 'Teresina', 'Peterffy', '931-227-6372', 48);
insert into staff (id, first_name, last_name, phone, shop_id) values (63, 'Ludwig', 'Rubens', '675-742-2331', 53);
insert into staff (id, first_name, last_name, phone, shop_id) values (64, 'Lenee', 'O''Griffin', '457-145-0849', 75);
insert into staff (id, first_name, last_name, phone, shop_id) values (65, 'Ashly', 'Gatley', '142-461-8102', 73);
insert into staff (id, first_name, last_name, phone, shop_id) values (66, 'Beryle', 'Wharmby', '649-507-5300', 67);
insert into staff (id, first_name, last_name, phone, shop_id) values (67, 'Esteban', 'Antonomoli', '805-884-7635', 67);
insert into staff (id, first_name, last_name, phone, shop_id) values (68, 'Dinah', 'Garlette', '449-559-0769', 79);
insert into staff (id, first_name, last_name, phone, shop_id) values (69, 'Salome', 'Carabet', '398-429-2639', 12);
insert into staff (id, first_name, last_name, phone, shop_id) values (70, 'Horatia', 'Tattersill', '522-720-8040', 1);
insert into staff (id, first_name, last_name, phone, shop_id) values (71, 'Laurie', 'Stitcher', '547-717-6489', 22);
insert into staff (id, first_name, last_name, phone, shop_id) values (72, 'Frants', 'Varnes', '625-274-6524', 55);
insert into staff (id, first_name, last_name, phone, shop_id) values (73, 'Oralle', 'Farryan', '219-214-7887', 47);
insert into staff (id, first_name, last_name, phone, shop_id) values (74, 'Avictor', 'Starmont', '953-541-2030', 69);
insert into staff (id, first_name, last_name, phone, shop_id) values (75, 'Albina', 'Waszkiewicz', '445-556-2419', 24);
insert into staff (id, first_name, last_name, phone, shop_id) values (76, 'Claudia', 'Khalid', '451-562-0491', 48);
insert into staff (id, first_name, last_name, phone, shop_id) values (77, 'Daveen', 'Emblem', '600-238-6186', 11);
insert into staff (id, first_name, last_name, phone, shop_id) values (78, 'Raul', 'Okenden', '769-790-3530', 21);
insert into staff (id, first_name, last_name, phone, shop_id) values (79, 'Ariel', 'Sandever', '847-218-1992', 18);
insert into staff (id, first_name, last_name, phone, shop_id) values (80, 'Kate', 'Girke', '627-177-2487', 71);
insert into staff (id, first_name, last_name, phone, shop_id) values (81, 'Candra', 'Senyard', '858-688-2051', 81);
insert into staff (id, first_name, last_name, phone, shop_id) values (82, 'Spike', 'Ambroziak', '598-801-4296', 5);
insert into staff (id, first_name, last_name, phone, shop_id) values (83, 'Lian', 'Jarmain', '904-333-8093', 41);
insert into staff (id, first_name, last_name, phone, shop_id) values (84, 'Hubert', 'Wemyss', '805-345-1428', 89);
insert into staff (id, first_name, last_name, phone, shop_id) values (85, 'Amery', 'Benninger', '692-660-4670', 40);
insert into staff (id, first_name, last_name, phone, shop_id) values (86, 'Marice', 'Matthewson', '609-899-0704', 50);
insert into staff (id, first_name, last_name, phone, shop_id) values (87, 'Oralle', 'Kilfeather', '873-671-5123', 1);
insert into staff (id, first_name, last_name, phone, shop_id) values (88, 'Marlyn', 'Osboldstone', '663-676-7713', 22);
insert into staff (id, first_name, last_name, phone, shop_id) values (89, 'Gavin', 'Kermitt', '279-650-7192', 16);
insert into staff (id, first_name, last_name, phone, shop_id) values (90, 'Prisca', 'Boram', '354-912-5022', 48);
insert into staff (id, first_name, last_name, phone, shop_id) values (91, 'Verina', 'Corteis', '833-835-8079', 13);
insert into staff (id, first_name, last_name, phone, shop_id) values (92, 'Allegra', 'Becks', '191-736-9206', 51);
insert into staff (id, first_name, last_name, phone, shop_id) values (93, 'Kathryn', 'Heinig', '705-265-1313', 46);
insert into staff (id, first_name, last_name, phone, shop_id) values (94, 'Jamie', 'Northleigh', '520-580-0746', 92);
insert into staff (id, first_name, last_name, phone, shop_id) values (95, 'Roslyn', 'Laverack', '171-320-5637', 49);
insert into staff (id, first_name, last_name, phone, shop_id) values (96, 'Marinna', 'Sagerson', '631-644-5910', 17);
insert into staff (id, first_name, last_name, phone, shop_id) values (97, 'Emilee', 'Clewlowe', '382-201-1213', 89);
insert into staff (id, first_name, last_name, phone, shop_id) values (98, 'Adelice', 'Dix', '571-812-8932', 72);
insert into staff (id, first_name, last_name, phone, shop_id) values (99, 'Cecily', 'Goodlad', '650-440-2524', 3);
insert into staff (id, first_name, last_name, phone, shop_id) values (100, 'Xena', 'MacCarter', '562-169-3902', 80);


insert into product (id, product_name, product_price, shop_id) values (1, 'Kumquat', 9.93, 31);
insert into product (id, product_name, product_price, shop_id) values (2, 'Turnip - White, Organic', 4.66, 36);
insert into product (id, product_name, product_price, shop_id) values (3, 'Spring Roll Veg Mini', 0.01, 39);
insert into product (id, product_name, product_price, shop_id) values (4, 'Scampi Tail', 0.44, 78);
insert into product (id, product_name, product_price, shop_id) values (5, 'Lid - 10,12,16 Oz', 0.61, 69);
insert into product (id, product_name, product_price, shop_id) values (6, 'Cup Translucent 9 Oz', 1.85, 44);
insert into product (id, product_name, product_price, shop_id) values (7, 'Flour - Chickpea', 6.31, 61);
insert into product (id, product_name, product_price, shop_id) values (8, 'Madeira', 5.66, 81);
insert into product (id, product_name, product_price, shop_id) values (9, 'Butter - Salted', 4.19, 23);
insert into product (id, product_name, product_price, shop_id) values (10, 'Pork - Sausage, Medium', 7.73, 20);
insert into product (id, product_name, product_price, shop_id) values (11, 'Beef - Bresaola', 6.69, 38);
insert into product (id, product_name, product_price, shop_id) values (12, 'Turkey - Oven Roast Breast', 5.75, 1);
insert into product (id, product_name, product_price, shop_id) values (13, 'Cheese - Shred Cheddar / Mozza', 7.24, 87);
insert into product (id, product_name, product_price, shop_id) values (14, 'Crush - Orange, 355ml', 8.91, 11);
insert into product (id, product_name, product_price, shop_id) values (15, 'Wine - Shiraz South Eastern', 9.27, 77);
insert into product (id, product_name, product_price, shop_id) values (16, 'Glycerine', 3.30, 19);
insert into product (id, product_name, product_price, shop_id) values (17, 'Shrimp - 150 - 250', 4.71, 26);
insert into product (id, product_name, product_price, shop_id) values (18, 'Puree - Kiwi', 4.24, 76);
insert into product (id, product_name, product_price, shop_id) values (19, 'Tart Shells - Savory, 4', 4.76, 35);
insert into product (id, product_name, product_price, shop_id) values (20, 'Spice - Onion Powder Granulated', 4.54, 67);
insert into product (id, product_name, product_price, shop_id) values (21, 'Coffee Decaf Colombian', 5.77, 64);
insert into product (id, product_name, product_price, shop_id) values (22, 'Chick Peas - Canned', 9.67, 81);
insert into product (id, product_name, product_price, shop_id) values (23, 'Bread - Rosemary Focaccia', 1.37, 50);
insert into product (id, product_name, product_price, shop_id) values (24, 'Ham - Cooked Italian', 0.98, 25);
insert into product (id, product_name, product_price, shop_id) values (25, 'Soup - Campbells, Chix Gumbo', 5.67, 31);
insert into product (id, product_name, product_price, shop_id) values (26, 'Cake Slab', 0.39, 25);
insert into product (id, product_name, product_price, shop_id) values (27, 'Appetizer - Veg Assortment', 5.69, 69);
insert into product (id, product_name, product_price, shop_id) values (28, 'Chocolate - Chips Compound', 6.85, 86);
insert into product (id, product_name, product_price, shop_id) values (29, 'Cucumber - Pickling Ontario', 4.31, 42);
insert into product (id, product_name, product_price, shop_id) values (30, 'Horseradish - Prepared', 7.43, 61);
insert into product (id, product_name, product_price, shop_id) values (31, 'Macaroons - Two Bite Choc', 8.45, 2);
insert into product (id, product_name, product_price, shop_id) values (32, 'Crackers - Soda / Saltins', 8.57, 78);
insert into product (id, product_name, product_price, shop_id) values (33, 'Appetiser - Bought', 9.63, 100);
insert into product (id, product_name, product_price, shop_id) values (34, 'Orange - Tangerine', 5.46, 55);
insert into product (id, product_name, product_price, shop_id) values (35, 'Scallops - 20/30', 2.28, 46);
insert into product (id, product_name, product_price, shop_id) values (36, 'Pants Custom Dry Clean', 7.39, 70);
insert into product (id, product_name, product_price, shop_id) values (37, 'Wine - Fontanafredda Barolo', 5.27, 25);
insert into product (id, product_name, product_price, shop_id) values (38, 'Seaweed Green Sheets', 2.05, 94);
insert into product (id, product_name, product_price, shop_id) values (39, 'Asparagus - White, Fresh', 0.61, 81);
insert into product (id, product_name, product_price, shop_id) values (40, 'Towels - Paper / Kraft', 2.58, 51);
insert into product (id, product_name, product_price, shop_id) values (41, 'Vermacelli - Sprinkles, Assorted', 3.04, 4);
insert into product (id, product_name, product_price, shop_id) values (42, 'Campari', 4.16, 13);
insert into product (id, product_name, product_price, shop_id) values (43, 'Beer - Steamwhistle', 8.00, 25);
insert into product (id, product_name, product_price, shop_id) values (44, 'Potatoes - Peeled', 5.72, 97);
insert into product (id, product_name, product_price, shop_id) values (45, 'Drambuie', 2.53, 34);
insert into product (id, product_name, product_price, shop_id) values (46, 'Carroway Seed', 8.78, 90);
insert into product (id, product_name, product_price, shop_id) values (47, 'Bread Base - Gold Formel', 5.22, 73);
insert into product (id, product_name, product_price, shop_id) values (48, 'Radish - Black, Winter, Organic', 0.88, 96);
insert into product (id, product_name, product_price, shop_id) values (49, 'Tabasco Sauce, 2 Oz', 9.25, 37);
insert into product (id, product_name, product_price, shop_id) values (50, 'Muffin Hinge 117n', 3.42, 59);
insert into product (id, product_name, product_price, shop_id) values (51, 'Pasta - Tortellini, Fresh', 9.45, 87);
insert into product (id, product_name, product_price, shop_id) values (52, 'Sole - Dover, Whole, Fresh', 1.75, 70);
insert into product (id, product_name, product_price, shop_id) values (53, 'Coffee - Beans, Whole', 4.17, 61);
insert into product (id, product_name, product_price, shop_id) values (54, 'Wine - Chateau Aqueria Tavel', 1.84, 25);
insert into product (id, product_name, product_price, shop_id) values (55, 'Flour - Fast / Rapid', 1.02, 78);
insert into product (id, product_name, product_price, shop_id) values (56, 'Milk - Chocolate 500ml', 3.44, 12);
insert into product (id, product_name, product_price, shop_id) values (57, 'Longos - Greek Salad', 9.07, 47);
insert into product (id, product_name, product_price, shop_id) values (58, 'French Pastry - Mini Chocolate', 9.74, 8);
insert into product (id, product_name, product_price, shop_id) values (59, 'Island Oasis - Lemonade', 1.01, 43);
insert into product (id, product_name, product_price, shop_id) values (60, 'Calaloo', 7.32, 31);
insert into product (id, product_name, product_price, shop_id) values (61, 'Chicken - Ground', 6.32, 70);
insert into product (id, product_name, product_price, shop_id) values (62, 'Ecolab Digiclean Mild Fm', 1.71, 7);
insert into product (id, product_name, product_price, shop_id) values (63, 'Soup Campbells - Tomato Bisque', 4.55, 68);
insert into product (id, product_name, product_price, shop_id) values (64, 'French Pastries', 8.01, 53);
insert into product (id, product_name, product_price, shop_id) values (65, 'Eggplant Oriental', 9.40, 17);
insert into product (id, product_name, product_price, shop_id) values (66, 'Bread - Corn Muffaletta', 2.85, 32);
insert into product (id, product_name, product_price, shop_id) values (67, 'Water - Aquafina Vitamin', 1.77, 90);
insert into product (id, product_name, product_price, shop_id) values (68, 'Wine - Lou Black Shiraz', 9.24, 5);
insert into product (id, product_name, product_price, shop_id) values (69, 'Barley - Pearl', 5.42, 60);
insert into product (id, product_name, product_price, shop_id) values (70, 'Appetizer - Southwestern', 6.27, 96);
insert into product (id, product_name, product_price, shop_id) values (71, 'Wine - White, Riesling, Henry Of', 5.13, 85);
insert into product (id, product_name, product_price, shop_id) values (72, 'Hipnotiq Liquor', 5.37, 4);
insert into product (id, product_name, product_price, shop_id) values (73, 'Water - Aquafina Vitamin', 7.36, 22);
insert into product (id, product_name, product_price, shop_id) values (74, 'Spinach - Packaged', 1.45, 54);
insert into product (id, product_name, product_price, shop_id) values (75, 'Fondant - Icing', 0.52, 90);
insert into product (id, product_name, product_price, shop_id) values (76, 'Beef - Texas Style Burger', 6.41, 44);
insert into product (id, product_name, product_price, shop_id) values (77, 'Juice - Grapefruit, 341 Ml', 8.13, 2);
insert into product (id, product_name, product_price, shop_id) values (78, 'Brandy - Orange, Mc Guiness', 4.80, 57);
insert into product (id, product_name, product_price, shop_id) values (79, 'Cleaner - Comet', 8.60, 51);
insert into product (id, product_name, product_price, shop_id) values (80, 'Compound - Strawberry', 2.21, 6);
insert into product (id, product_name, product_price, shop_id) values (81, 'Durian Fruit', 0.56, 31);
insert into product (id, product_name, product_price, shop_id) values (82, 'Burger Veggie', 4.75, 86);
insert into product (id, product_name, product_price, shop_id) values (83, 'Pasta - Penne Primavera, Single', 3.55, 93);
insert into product (id, product_name, product_price, shop_id) values (84, 'Chinese Foods - Thick Noodles', 2.82, 45);
insert into product (id, product_name, product_price, shop_id) values (85, 'Potatoes - Purple, Organic', 1.49, 46);
insert into product (id, product_name, product_price, shop_id) values (86, 'Yoplait - Strawbrasp Peac', 2.40, 23);
insert into product (id, product_name, product_price, shop_id) values (87, 'Cookies Oatmeal Raisin', 1.07, 52);
insert into product (id, product_name, product_price, shop_id) values (88, 'Shrimp - 21/25, Peel And Deviened', 1.24, 32);
insert into product (id, product_name, product_price, shop_id) values (89, 'Sachet', 6.58, 29);
insert into product (id, product_name, product_price, shop_id) values (90, 'Ecolab - Ster Bac', 3.24, 39);
insert into product (id, product_name, product_price, shop_id) values (91, 'Wine - Charddonnay Errazuriz', 0.11, 14);
insert into product (id, product_name, product_price, shop_id) values (92, 'Vaccum Bag - 14x20', 4.34, 97);
insert into product (id, product_name, product_price, shop_id) values (93, 'Mushroom - Morels, Dry', 8.54, 27);
insert into product (id, product_name, product_price, shop_id) values (94, 'Bread - Triangle White', 6.91, 84);
insert into product (id, product_name, product_price, shop_id) values (95, 'Carrots - Mini, Stem On', 1.53, 78);
insert into product (id, product_name, product_price, shop_id) values (96, 'Chicken - Livers', 7.58, 32);
insert into product (id, product_name, product_price, shop_id) values (97, 'Wine - Rosso Toscano Igt', 2.42, 11);
insert into product (id, product_name, product_price, shop_id) values (98, 'Squid - U - 10 Thailand', 5.10, 28);
insert into product (id, product_name, product_price, shop_id) values (99, 'Quiche Assorted', 1.11, 55);
insert into product (id, product_name, product_price, shop_id) values (100, 'Plate Foam Laminated 9in Blk', 1.92, 2);


insert into sale (id, product_id, staff_id) values (1, 9, 53);
insert into sale (id, product_id, staff_id) values (2, 97, 26);
insert into sale (id, product_id, staff_id) values (3, 54, 62);
insert into sale (id, product_id, staff_id) values (4, 26, 96);
insert into sale (id, product_id, staff_id) values (5, 46, 42);
insert into sale (id, product_id, staff_id) values (6, 31, 77);
insert into sale (id, product_id, staff_id) values (7, 7, 20);
insert into sale (id, product_id, staff_id) values (8, 48, 22);
insert into sale (id, product_id, staff_id) values (9, 5, 49);
insert into sale (id, product_id, staff_id) values (10, 1, 71);
insert into sale (id, product_id, staff_id) values (11, 85, 80);
insert into sale (id, product_id, staff_id) values (12, 79, 13);
insert into sale (id, product_id, staff_id) values (13, 63, 81);
insert into sale (id, product_id, staff_id) values (14, 100, 49);
insert into sale (id, product_id, staff_id) values (15, 48, 52);
insert into sale (id, product_id, staff_id) values (16, 82, 27);
insert into sale (id, product_id, staff_id) values (17, 82, 85);
insert into sale (id, product_id, staff_id) values (18, 34, 91);
insert into sale (id, product_id, staff_id) values (19, 33, 59);
insert into sale (id, product_id, staff_id) values (20, 96, 62);
insert into sale (id, product_id, staff_id) values (21, 5, 71);
insert into sale (id, product_id, staff_id) values (22, 70, 10);
insert into sale (id, product_id, staff_id) values (23, 95, 49);
insert into sale (id, product_id, staff_id) values (24, 42, 21);
insert into sale (id, product_id, staff_id) values (25, 98, 24);
insert into sale (id, product_id, staff_id) values (26, 73, 66);
insert into sale (id, product_id, staff_id) values (27, 49, 68);
insert into sale (id, product_id, staff_id) values (28, 77, 8);
insert into sale (id, product_id, staff_id) values (29, 47, 40);
insert into sale (id, product_id, staff_id) values (30, 82, 66);
insert into sale (id, product_id, staff_id) values (31, 80, 33);
insert into sale (id, product_id, staff_id) values (32, 74, 34);
insert into sale (id, product_id, staff_id) values (33, 13, 29);
insert into sale (id, product_id, staff_id) values (34, 15, 35);
insert into sale (id, product_id, staff_id) values (35, 42, 19);
insert into sale (id, product_id, staff_id) values (36, 6, 18);
insert into sale (id, product_id, staff_id) values (37, 35, 48);
insert into sale (id, product_id, staff_id) values (38, 44, 17);
insert into sale (id, product_id, staff_id) values (39, 18, 96);
insert into sale (id, product_id, staff_id) values (40, 73, 90);
insert into sale (id, product_id, staff_id) values (41, 80, 34);
insert into sale (id, product_id, staff_id) values (42, 95, 74);
insert into sale (id, product_id, staff_id) values (43, 38, 25);
insert into sale (id, product_id, staff_id) values (44, 78, 98);
insert into sale (id, product_id, staff_id) values (45, 53, 76);
insert into sale (id, product_id, staff_id) values (46, 87, 80);
insert into sale (id, product_id, staff_id) values (47, 45, 33);
insert into sale (id, product_id, staff_id) values (48, 7, 49);
insert into sale (id, product_id, staff_id) values (49, 92, 76);
insert into sale (id, product_id, staff_id) values (50, 36, 95);
insert into sale (id, product_id, staff_id) values (51, 34, 76);
insert into sale (id, product_id, staff_id) values (52, 92, 62);
insert into sale (id, product_id, staff_id) values (53, 9, 95);
insert into sale (id, product_id, staff_id) values (54, 97, 34);
insert into sale (id, product_id, staff_id) values (55, 87, 26);
insert into sale (id, product_id, staff_id) values (56, 18, 84);
insert into sale (id, product_id, staff_id) values (57, 57, 90);
insert into sale (id, product_id, staff_id) values (58, 41, 95);
insert into sale (id, product_id, staff_id) values (59, 28, 83);
insert into sale (id, product_id, staff_id) values (60, 55, 90);
insert into sale (id, product_id, staff_id) values (61, 58, 47);
insert into sale (id, product_id, staff_id) values (62, 12, 36);
insert into sale (id, product_id, staff_id) values (63, 40, 66);
insert into sale (id, product_id, staff_id) values (64, 58, 9);
insert into sale (id, product_id, staff_id) values (65, 14, 26);
insert into sale (id, product_id, staff_id) values (66, 73, 82);
insert into sale (id, product_id, staff_id) values (67, 2, 70);
insert into sale (id, product_id, staff_id) values (68, 76, 40);
insert into sale (id, product_id, staff_id) values (69, 74, 72);
insert into sale (id, product_id, staff_id) values (70, 20, 100);
insert into sale (id, product_id, staff_id) values (71, 49, 9);
insert into sale (id, product_id, staff_id) values (72, 54, 44);
insert into sale (id, product_id, staff_id) values (73, 78, 92);
insert into sale (id, product_id, staff_id) values (74, 49, 69);
insert into sale (id, product_id, staff_id) values (75, 62, 2);
insert into sale (id, product_id, staff_id) values (76, 64, 11);
insert into sale (id, product_id, staff_id) values (77, 55, 16);
insert into sale (id, product_id, staff_id) values (78, 4, 78);
insert into sale (id, product_id, staff_id) values (79, 96, 82);
insert into sale (id, product_id, staff_id) values (80, 28, 78);
insert into sale (id, product_id, staff_id) values (81, 10, 86);
insert into sale (id, product_id, staff_id) values (82, 16, 14);
insert into sale (id, product_id, staff_id) values (83, 39, 88);
insert into sale (id, product_id, staff_id) values (84, 27, 85);
insert into sale (id, product_id, staff_id) values (85, 3, 62);
insert into sale (id, product_id, staff_id) values (86, 24, 81);
insert into sale (id, product_id, staff_id) values (87, 98, 69);
insert into sale (id, product_id, staff_id) values (88, 34, 66);
insert into sale (id, product_id, staff_id) values (89, 64, 5);
insert into sale (id, product_id, staff_id) values (90, 85, 40);
insert into sale (id, product_id, staff_id) values (91, 18, 50);
insert into sale (id, product_id, staff_id) values (92, 96, 50);
insert into sale (id, product_id, staff_id) values (93, 88, 19);
insert into sale (id, product_id, staff_id) values (94, 87, 94);
insert into sale (id, product_id, staff_id) values (95, 8, 10);
insert into sale (id, product_id, staff_id) values (96, 15, 43);
insert into sale (id, product_id, staff_id) values (97, 44, 32);
insert into sale (id, product_id, staff_id) values (98, 27, 82);
insert into sale (id, product_id, staff_id) values (99, 95, 51);
insert into sale (id, product_id, staff_id) values (100, 66, 87);


insert into customer (id, first_name, last_name, email, address) values (1, 'Oliviero', 'Hansford', 'ohansford0@infoseek.co.jp', 'Suite 48');
insert into customer (id, first_name, last_name, email, address) values (2, 'Tomaso', 'Davys', 'tdavys1@unesco.org', '9th Floor');
insert into customer (id, first_name, last_name, email, address) values (3, 'Aloin', 'Buick', 'abuick2@dropbox.com', 'Suite 8');
insert into customer (id, first_name, last_name, email, address) values (4, 'Jennine', 'MacKniely', 'jmackniely3@jigsy.com', 'Apt 623');
insert into customer (id, first_name, last_name, email, address) values (5, 'Corny', 'Skrine', 'cskrine4@gravatar.com', '8th Floor');
insert into customer (id, first_name, last_name, email, address) values (6, 'Brion', 'Filshin', 'bfilshin5@bravesites.com', '14th Floor');
insert into customer (id, first_name, last_name, email, address) values (7, 'Collen', 'Herries', 'cherries6@springer.com', 'Room 1796');
insert into customer (id, first_name, last_name, email, address) values (8, 'Lindsay', 'Ellesworthe', 'lellesworthe7@vistaprint.com', 'Room 515');
insert into customer (id, first_name, last_name, email, address) values (9, 'Sibley', 'Tomasicchio', 'stomasicchio8@unicef.org', '3rd Floor');
insert into customer (id, first_name, last_name, email, address) values (10, 'Martica', 'Ribbens', 'mribbens9@amazon.com', 'Apt 972');
insert into customer (id, first_name, last_name, email, address) values (11, 'Waly', 'Fenck', 'wfencka@bandcamp.com', 'Room 183');
insert into customer (id, first_name, last_name, email, address) values (12, 'Trula', 'Hurich', 'thurichb@japanpost.jp', 'Apt 1699');
insert into customer (id, first_name, last_name, email, address) values (13, 'Alfi', 'Lambregts', 'alambregtsc@upenn.edu', 'Room 1587');
insert into customer (id, first_name, last_name, email, address) values (14, 'Kesley', 'Hevner', 'khevnerd@howstuffworks.com', '19th Floor');
insert into customer (id, first_name, last_name, email, address) values (15, 'Corinna', 'Gurg', 'cgurge@php.net', 'Room 867');
insert into customer (id, first_name, last_name, email, address) values (16, 'Maible', 'Osmund', 'mosmundf@upenn.edu', 'Suite 45');
insert into customer (id, first_name, last_name, email, address) values (17, 'Chad', 'De Bruijn', 'cdebruijng@ucoz.com', 'Apt 1473');
insert into customer (id, first_name, last_name, email, address) values (18, 'Anastassia', 'Popley', 'apopleyh@pcworld.com', 'Room 1830');
insert into customer (id, first_name, last_name, email, address) values (19, 'Avigdor', 'Stratton', 'astrattoni@123-reg.co.uk', 'Suite 37');
insert into customer (id, first_name, last_name, email, address) values (20, 'Westbrooke', 'Mizzi', 'wmizzij@nih.gov', '1st Floor');
insert into customer (id, first_name, last_name, email, address) values (21, 'Claretta', 'Puddefoot', 'cpuddefootk@netscape.com', 'Room 796');
insert into customer (id, first_name, last_name, email, address) values (22, 'Carita', 'Pioch', 'cpiochl@princeton.edu', 'Suite 18');
insert into customer (id, first_name, last_name, email, address) values (23, 'Stinky', 'Monketon', 'smonketonm@amazon.com', 'Apt 976');
insert into customer (id, first_name, last_name, email, address) values (24, 'Nichole', 'Balaison', 'nbalaisonn@studiopress.com', 'Room 1937');
insert into customer (id, first_name, last_name, email, address) values (25, 'Sawyer', 'Nials', 'snialso@baidu.com', 'Room 1558');
insert into customer (id, first_name, last_name, email, address) values (26, 'Bord', 'Sabine', 'bsabinep@buzzfeed.com', '12th Floor');
insert into customer (id, first_name, last_name, email, address) values (27, 'Laurianne', 'Veltmann', 'lveltmannq@tripod.com', 'Room 1241');
insert into customer (id, first_name, last_name, email, address) values (28, 'Burgess', 'Arguile', 'barguiler@gmpg.org', 'Room 219');
insert into customer (id, first_name, last_name, email, address) values (29, 'Fredek', 'Roullier', 'froulliers@china.com.cn', '19th Floor');
insert into customer (id, first_name, last_name, email, address) values (30, 'Finn', 'Taggerty', 'ftaggertyt@dyndns.org', 'Room 257');
insert into customer (id, first_name, last_name, email, address) values (31, 'Blakeley', 'Lycett', 'blycettu@paypal.com', 'Apt 623');
insert into customer (id, first_name, last_name, email, address) values (32, 'Bill', 'Fayer', 'bfayerv@sciencedirect.com', 'Apt 1217');
insert into customer (id, first_name, last_name, email, address) values (33, 'Nat', 'O''Dooghaine', 'nodooghainew@goo.gl', 'Room 1583');
insert into customer (id, first_name, last_name, email, address) values (34, 'Jeff', 'Syddall', 'jsyddallx@independent.co.uk', 'PO Box 73597');
insert into customer (id, first_name, last_name, email, address) values (35, 'Marthena', 'Woodcock', 'mwoodcocky@ox.ac.uk', '19th Floor');
insert into customer (id, first_name, last_name, email, address) values (36, 'Ethan', 'Bourgour', 'ebourgourz@liveinternet.ru', 'Apt 973');
insert into customer (id, first_name, last_name, email, address) values (37, 'Codie', 'Station', 'cstation10@independent.co.uk', 'PO Box 2169');
insert into customer (id, first_name, last_name, email, address) values (38, 'Donnie', 'Joyce', 'djoyce11@blogger.com', '7th Floor');
insert into customer (id, first_name, last_name, email, address) values (39, 'Russ', 'Heathcott', 'rheathcott12@domainmarket.com', '8th Floor');
insert into customer (id, first_name, last_name, email, address) values (40, 'Edi', 'Mcimmie', 'emcimmie13@twitpic.com', '20th Floor');
insert into customer (id, first_name, last_name, email, address) values (41, 'Currey', 'Horburgh', 'chorburgh14@discovery.com', 'Room 327');
insert into customer (id, first_name, last_name, email, address) values (42, 'Rozele', 'Malatalant', 'rmalatalant15@csmonitor.com', 'Suite 73');
insert into customer (id, first_name, last_name, email, address) values (43, 'Sayres', 'Bysshe', 'sbysshe16@sciencedaily.com', 'PO Box 61094');
insert into customer (id, first_name, last_name, email, address) values (44, 'Henrie', 'O''Lyhane', 'holyhane17@nbcnews.com', 'Suite 61');
insert into customer (id, first_name, last_name, email, address) values (45, 'Read', 'Rosone', 'rrosone18@washingtonpost.com', 'Suite 16');
insert into customer (id, first_name, last_name, email, address) values (46, 'Hyacinthia', 'Dwelly', 'hdwelly19@indiatimes.com', 'PO Box 25581');
insert into customer (id, first_name, last_name, email, address) values (47, 'Bourke', 'Emmot', 'bemmot1a@umich.edu', 'PO Box 93089');
insert into customer (id, first_name, last_name, email, address) values (48, 'Talia', 'Harbron', 'tharbron1b@businesswire.com', 'PO Box 54430');
insert into customer (id, first_name, last_name, email, address) values (49, 'Del', 'Clawe', 'dclawe1c@stanford.edu', 'Suite 59');
insert into customer (id, first_name, last_name, email, address) values (50, 'Kassi', 'Kienlein', 'kkienlein1d@yahoo.com', 'PO Box 23398');
insert into customer (id, first_name, last_name, email, address) values (51, 'Joannes', 'Kingscote', 'jkingscote1e@nasa.gov', 'Room 606');
insert into customer (id, first_name, last_name, email, address) values (52, 'Odille', 'De Ambrosis', 'odeambrosis1f@google.ca', 'Room 1574');
insert into customer (id, first_name, last_name, email, address) values (53, 'Alastair', 'Sones', 'asones1g@buzzfeed.com', 'Room 1405');
insert into customer (id, first_name, last_name, email, address) values (54, 'Willetta', 'Faragan', 'wfaragan1h@sun.com', 'Suite 3');
insert into customer (id, first_name, last_name, email, address) values (55, 'Dasya', 'Handscomb', 'dhandscomb1i@cmu.edu', 'Suite 97');
insert into customer (id, first_name, last_name, email, address) values (56, 'My', 'Revans', 'mrevans1j@blogspot.com', 'Suite 3');
insert into customer (id, first_name, last_name, email, address) values (57, 'Rebbecca', 'Fearon', 'rfearon1k@guardian.co.uk', 'Suite 38');
insert into customer (id, first_name, last_name, email, address) values (58, 'Kamila', 'Hastelow', 'khastelow1l@mtv.com', 'Suite 91');
insert into customer (id, first_name, last_name, email, address) values (59, 'Pamelina', 'Headington', 'pheadington1m@simplemachines.org', 'Suite 37');
insert into customer (id, first_name, last_name, email, address) values (60, 'Gale', 'D''Antoni', 'gdantoni1n@dot.gov', 'Room 974');
insert into customer (id, first_name, last_name, email, address) values (61, 'Zelig', 'Austin', 'zaustin1o@rambler.ru', 'PO Box 85109');
insert into customer (id, first_name, last_name, email, address) values (62, 'Babs', 'Kaindl', 'bkaindl1p@time.com', 'Apt 572');
insert into customer (id, first_name, last_name, email, address) values (63, 'Merwyn', 'Bonevant', 'mbonevant1q@bloglines.com', 'Room 1220');
insert into customer (id, first_name, last_name, email, address) values (64, 'Weider', 'Vere', 'wvere1r@ucoz.ru', 'PO Box 27743');
insert into customer (id, first_name, last_name, email, address) values (65, 'Ansel', 'Sherwyn', 'asherwyn1s@privacy.gov.au', 'Apt 1936');
insert into customer (id, first_name, last_name, email, address) values (66, 'Jocelyne', 'Galer', 'jgaler1t@xing.com', 'PO Box 46466');
insert into customer (id, first_name, last_name, email, address) values (67, 'Georgine', 'Follett', 'gfollett1u@cocolog-nifty.com', 'PO Box 38842');
insert into customer (id, first_name, last_name, email, address) values (68, 'Mylo', 'Tease', 'mtease1v@toplist.cz', 'Apt 535');
insert into customer (id, first_name, last_name, email, address) values (69, 'Timofei', 'Scholey', 'tscholey1w@ameblo.jp', '20th Floor');
insert into customer (id, first_name, last_name, email, address) values (70, 'Trstram', 'Newart', 'tnewart1x@yolasite.com', 'Suite 47');
insert into customer (id, first_name, last_name, email, address) values (71, 'Brenn', 'Buttfield', 'bbuttfield1y@wikispaces.com', 'Apt 1932');
insert into customer (id, first_name, last_name, email, address) values (72, 'Berte', 'Po', 'bpo1z@mozilla.com', 'Suite 22');
insert into customer (id, first_name, last_name, email, address) values (73, 'Max', 'Danilchenko', 'mdanilchenko20@businessinsider.com', 'Apt 1095');
insert into customer (id, first_name, last_name, email, address) values (74, 'Wynn', 'Urquhart', 'wurquhart21@clickbank.net', '6th Floor');
insert into customer (id, first_name, last_name, email, address) values (75, 'Athena', 'Dunkerk', 'adunkerk22@mit.edu', 'Suite 66');
insert into customer (id, first_name, last_name, email, address) values (76, 'Devlin', 'Willerson', 'dwillerson23@goo.ne.jp', 'Room 1522');
insert into customer (id, first_name, last_name, email, address) values (77, 'Neala', 'Sabin', 'nsabin24@mlb.com', 'Suite 98');
insert into customer (id, first_name, last_name, email, address) values (78, 'Levin', 'Dawidowicz', 'ldawidowicz25@europa.eu', 'Apt 1348');
insert into customer (id, first_name, last_name, email, address) values (79, 'Isa', 'Probet', 'iprobet26@oakley.com', 'Apt 1806');
insert into customer (id, first_name, last_name, email, address) values (80, 'Donica', 'Pettengell', 'dpettengell27@ebay.co.uk', 'PO Box 54081');
insert into customer (id, first_name, last_name, email, address) values (81, 'Renata', 'Stickney', 'rstickney28@usnews.com', '14th Floor');
insert into customer (id, first_name, last_name, email, address) values (82, 'Ransom', 'Ruddle', 'rruddle29@mapy.cz', 'Suite 30');
insert into customer (id, first_name, last_name, email, address) values (83, 'Oates', 'Feige', 'ofeige2a@uol.com.br', 'Suite 52');
insert into customer (id, first_name, last_name, email, address) values (84, 'Babbie', 'Linham', 'blinham2b@ebay.com', 'Room 1371');
insert into customer (id, first_name, last_name, email, address) values (85, 'Johnnie', 'Phipp', 'jphipp2c@merriam-webster.com', 'Apt 275');
insert into customer (id, first_name, last_name, email, address) values (86, 'Farrell', 'Rudinger', 'frudinger2d@epa.gov', 'Room 285');
insert into customer (id, first_name, last_name, email, address) values (87, 'Jacqui', 'Vousden', 'jvousden2e@archive.org', 'Room 25');
insert into customer (id, first_name, last_name, email, address) values (88, 'Laurette', 'Maffetti', 'lmaffetti2f@state.gov', 'PO Box 54860');
insert into customer (id, first_name, last_name, email, address) values (89, 'Drew', 'Poter', 'dpoter2g@walmart.com', 'Suite 96');
insert into customer (id, first_name, last_name, email, address) values (90, 'Foster', 'Vail', 'fvail2h@whitehouse.gov', 'Suite 73');
insert into customer (id, first_name, last_name, email, address) values (91, 'Gilly', 'Pimblott', 'gpimblott2i@chronoengine.com', 'PO Box 88960');
insert into customer (id, first_name, last_name, email, address) values (92, 'Clifford', 'Flecknell', 'cflecknell2j@booking.com', 'PO Box 7649');
insert into customer (id, first_name, last_name, email, address) values (93, 'Phillis', 'Pozzi', 'ppozzi2k@amazon.de', 'PO Box 18037');
insert into customer (id, first_name, last_name, email, address) values (94, 'Romola', 'Carn', 'rcarn2l@elegantthemes.com', 'PO Box 71927');
insert into customer (id, first_name, last_name, email, address) values (95, 'Bettye', 'Southworth', 'bsouthworth2m@prnewswire.com', 'Suite 15');
insert into customer (id, first_name, last_name, email, address) values (96, 'Marin', 'Jepensen', 'mjepensen2n@engadget.com', '20th Floor');
insert into customer (id, first_name, last_name, email, address) values (97, 'Selena', 'Beahan', 'sbeahan2o@jalbum.net', 'Suite 14');
insert into customer (id, first_name, last_name, email, address) values (98, 'Lari', 'Bousfield', 'lbousfield2p@cargocollective.com', 'Apt 325');
insert into customer (id, first_name, last_name, email, address) values (99, 'Randi', 'Segebrecht', 'rsegebrecht2q@virginia.edu', 'Apt 658');
insert into customer (id, first_name, last_name, email, address) values (100, 'Dore', 'Childs', 'dchilds2r@wufoo.com', 'PO Box 97977');


insert into "transaction" (id, sale_id, customer_id, transaction_date) values (1, 85, 33, '4-9-2021');
insert into "transaction" (id, sale_id, customer_id, transaction_date) values (2, 70, 69, '24-5-2021');
insert into "transaction" (id, sale_id, customer_id, transaction_date) values (3, 100, 28, '5-4-2022');
insert into "transaction" (id, sale_id, customer_id, transaction_date) values (4, 19, 15, '19-5-2021');
insert into "transaction" (id, sale_id, customer_id, transaction_date) values (5, 10, 93, '29-9-2021');
insert into "transaction" (id, sale_id, customer_id, transaction_date) values (6, 60, 47, '14-10-2021');
insert into "transaction" (id, sale_id, customer_id, transaction_date) values (7, 88, 3, '19-8-2020');
insert into "transaction" (id, sale_id, customer_id, transaction_date) values (8, 32, 91, '27-3-2021');
insert into "transaction" (id, sale_id, customer_id, transaction_date) values (9, 78, 40, '7-12-2020');
insert into "transaction" (id, sale_id, customer_id, transaction_date) values (10, 87, 28, '8-5-2021');
insert into "transaction" (id, sale_id, customer_id, transaction_date) values (11, 83, 66, '12-1-2022');
insert into "transaction" (id, sale_id, customer_id, transaction_date) values (12, 84, 49, '1-8-2021');
insert into "transaction" (id, sale_id, customer_id, transaction_date) values (13, 70, 25, '14-11-2020');
insert into "transaction" (id, sale_id, customer_id, transaction_date) values (14, 71, 44, '11-11-2020');
insert into "transaction" (id, sale_id, customer_id, transaction_date) values (15, 94, 58, '5-9-2020');
insert into "transaction" (id, sale_id, customer_id, transaction_date) values (16, 93, 45, '20-6-2021');
insert into "transaction" (id, sale_id, customer_id, transaction_date) values (17, 14, 63, '28-3-2021');
insert into "transaction" (id, sale_id, customer_id, transaction_date) values (18, 65, 33, '16-11-2021');
insert into "transaction" (id, sale_id, customer_id, transaction_date) values (19, 8, 47, '26-2-2022');
insert into "transaction" (id, sale_id, customer_id, transaction_date) values (20, 22, 14, '3-1-2021');
insert into "transaction" (id, sale_id, customer_id, transaction_date) values (21, 77, 1, '5-8-2021');
insert into "transaction" (id, sale_id, customer_id, transaction_date) values (22, 13, 57, '11-12-2020');
insert into "transaction" (id, sale_id, customer_id, transaction_date) values (23, 65, 31, '5-9-2020');
insert into "transaction" (id, sale_id, customer_id, transaction_date) values (24, 9, 9, '17-12-2020');
insert into "transaction" (id, sale_id, customer_id, transaction_date) values (25, 100, 78, '31-8-2020');
insert into "transaction" (id, sale_id, customer_id, transaction_date) values (26, 52, 23, '7-7-2020');
insert into "transaction" (id, sale_id, customer_id, transaction_date) values (27, 46, 18, '23-3-2022');
insert into "transaction" (id, sale_id, customer_id, transaction_date) values (28, 34, 89, '31-3-2022');
insert into "transaction" (id, sale_id, customer_id, transaction_date) values (29, 54, 98, '4-4-2021');
insert into "transaction" (id, sale_id, customer_id, transaction_date) values (30, 26, 8, '18-8-2020');
insert into "transaction" (id, sale_id, customer_id, transaction_date) values (31, 17, 20, '20-5-2022');
insert into "transaction" (id, sale_id, customer_id, transaction_date) values (32, 19, 72, '15-4-2021');
insert into "transaction" (id, sale_id, customer_id, transaction_date) values (33, 96, 84, '9-4-2021');
insert into "transaction" (id, sale_id, customer_id, transaction_date) values (34, 35, 5, '24-7-2020');
insert into "transaction" (id, sale_id, customer_id, transaction_date) values (35, 52, 17, '6-2-2021');
insert into "transaction" (id, sale_id, customer_id, transaction_date) values (36, 9, 31, '9-12-2021');
insert into "transaction" (id, sale_id, customer_id, transaction_date) values (37, 46, 82, '5-7-2021');
insert into "transaction" (id, sale_id, customer_id, transaction_date) values (38, 62, 72, '12-4-2021');
insert into "transaction" (id, sale_id, customer_id, transaction_date) values (39, 10, 42, '13-12-2020');
insert into "transaction" (id, sale_id, customer_id, transaction_date) values (40, 91, 2, '26-8-2020');
insert into "transaction" (id, sale_id, customer_id, transaction_date) values (41, 78, 75, '15-3-2021');
insert into "transaction" (id, sale_id, customer_id, transaction_date) values (42, 14, 68, '3-2-2021');
insert into "transaction" (id, sale_id, customer_id, transaction_date) values (43, 16, 1, '25-5-2021');
insert into "transaction" (id, sale_id, customer_id, transaction_date) values (44, 83, 22, '4-1-2021');
insert into "transaction" (id, sale_id, customer_id, transaction_date) values (45, 41, 95, '26-3-2021');
insert into "transaction" (id, sale_id, customer_id, transaction_date) values (46, 12, 1, '11-1-2021');
insert into "transaction" (id, sale_id, customer_id, transaction_date) values (47, 41, 3, '2-11-2021');
insert into "transaction" (id, sale_id, customer_id, transaction_date) values (48, 1, 35, '2-4-2021');
insert into "transaction" (id, sale_id, customer_id, transaction_date) values (49, 54, 6, '24-8-2020');
insert into "transaction" (id, sale_id, customer_id, transaction_date) values (50, 28, 51, '12-6-2021');
insert into "transaction" (id, sale_id, customer_id, transaction_date) values (51, 71, 15, '30-11-2020');
insert into "transaction" (id, sale_id, customer_id, transaction_date) values (52, 74, 32, '4-4-2022');
insert into "transaction" (id, sale_id, customer_id, transaction_date) values (53, 84, 28, '29-11-2020');
insert into "transaction" (id, sale_id, customer_id, transaction_date) values (54, 68, 38, '8-6-2022');
insert into "transaction" (id, sale_id, customer_id, transaction_date) values (55, 66, 51, '2-4-2021');
insert into "transaction" (id, sale_id, customer_id, transaction_date) values (56, 42, 64, '4-3-2022');
insert into "transaction" (id, sale_id, customer_id, transaction_date) values (57, 56, 45, '10-7-2021');
insert into "transaction" (id, sale_id, customer_id, transaction_date) values (58, 84, 3, '3-6-2022');
insert into "transaction" (id, sale_id, customer_id, transaction_date) values (59, 31, 92, '30-9-2020');
insert into "transaction" (id, sale_id, customer_id, transaction_date) values (60, 4, 48, '3-4-2021');
insert into "transaction" (id, sale_id, customer_id, transaction_date) values (61, 80, 86, '16-8-2020');
insert into "transaction" (id, sale_id, customer_id, transaction_date) values (62, 1, 49, '4-2-2021');
insert into "transaction" (id, sale_id, customer_id, transaction_date) values (63, 20, 36, '25-12-2020');
insert into "transaction" (id, sale_id, customer_id, transaction_date) values (64, 51, 34, '4-9-2021');
insert into "transaction" (id, sale_id, customer_id, transaction_date) values (65, 83, 13, '4-6-2022');
insert into "transaction" (id, sale_id, customer_id, transaction_date) values (66, 63, 99, '1-7-2022');
insert into "transaction" (id, sale_id, customer_id, transaction_date) values (67, 40, 62, '2-6-2021');
insert into "transaction" (id, sale_id, customer_id, transaction_date) values (68, 75, 22, '26-10-2021');
insert into "transaction" (id, sale_id, customer_id, transaction_date) values (69, 4, 87, '5-4-2021');
insert into "transaction" (id, sale_id, customer_id, transaction_date) values (70, 32, 16, '1-5-2021');
insert into "transaction" (id, sale_id, customer_id, transaction_date) values (71, 93, 68, '29-3-2021');
insert into "transaction" (id, sale_id, customer_id, transaction_date) values (72, 78, 22, '20-5-2021');
insert into "transaction" (id, sale_id, customer_id, transaction_date) values (73, 84, 98, '30-11-2021');
insert into "transaction" (id, sale_id, customer_id, transaction_date) values (74, 91, 28, '14-2-2021');
insert into "transaction" (id, sale_id, customer_id, transaction_date) values (75, 52, 81, '27-7-2021');
insert into "transaction" (id, sale_id, customer_id, transaction_date) values (76, 30, 96, '22-7-2020');
insert into "transaction" (id, sale_id, customer_id, transaction_date) values (77, 72, 27, '13-2-2022');
insert into "transaction" (id, sale_id, customer_id, transaction_date) values (78, 17, 94, '28-10-2021');
insert into "transaction" (id, sale_id, customer_id, transaction_date) values (79, 48, 79, '11-5-2021');
insert into "transaction" (id, sale_id, customer_id, transaction_date) values (80, 75, 84, '27-3-2022');
insert into "transaction" (id, sale_id, customer_id, transaction_date) values (81, 88, 95, '11-2-2022');
insert into "transaction" (id, sale_id, customer_id, transaction_date) values (82, 15, 1, '28-8-2020');
insert into "transaction" (id, sale_id, customer_id, transaction_date) values (83, 29, 50, '7-6-2022');
insert into "transaction" (id, sale_id, customer_id, transaction_date) values (84, 74, 82, '9-9-2020');
insert into "transaction" (id, sale_id, customer_id, transaction_date) values (85, 20, 74, '18-10-2021');
insert into "transaction" (id, sale_id, customer_id, transaction_date) values (86, 37, 62, '29-8-2021');
insert into "transaction" (id, sale_id, customer_id, transaction_date) values (87, 95, 10, '6-6-2021');
insert into "transaction" (id, sale_id, customer_id, transaction_date) values (88, 34, 73, '28-2-2022');
insert into "transaction" (id, sale_id, customer_id, transaction_date) values (89, 91, 35, '27-12-2021');
insert into "transaction" (id, sale_id, customer_id, transaction_date) values (90, 90, 57, '31-10-2020');
insert into "transaction" (id, sale_id, customer_id, transaction_date) values (91, 66, 100, '22-7-2020');
insert into "transaction" (id, sale_id, customer_id, transaction_date) values (92, 55, 70, '13-2-2022');
insert into "transaction" (id, sale_id, customer_id, transaction_date) values (93, 53, 16, '18-2-2022');
insert into "transaction" (id, sale_id, customer_id, transaction_date) values (94, 68, 10, '22-12-2020');
insert into "transaction" (id, sale_id, customer_id, transaction_date) values (95, 16, 79, '30-6-2021');
insert into "transaction" (id, sale_id, customer_id, transaction_date) values (96, 80, 32, '3-4-2021');
insert into "transaction" (id, sale_id, customer_id, transaction_date) values (97, 63, 29, '11-2-2022');
insert into "transaction" (id, sale_id, customer_id, transaction_date) values (98, 62, 3, '13-4-2021');
insert into "transaction" (id, sale_id, customer_id, transaction_date) values (99, 39, 48, '19-5-2021');
insert into "transaction" (id, sale_id, customer_id, transaction_date) values (100, 60, 84, '17-3-2022');


insert into category (id, category_name) values (1, 'Hyundai');
insert into category (id, category_name) values (2, 'Mitsubishi');
insert into category (id, category_name) values (3, 'Nissan');
insert into category (id, category_name) values (4, 'Hyundai');
insert into category (id, category_name) values (5, 'Dodge');
insert into category (id, category_name) values (6, 'Mitsubishi');
insert into category (id, category_name) values (7, 'Pontiac');
insert into category (id, category_name) values (8, 'Jeep');
insert into category (id, category_name) values (9, 'Lexus');
insert into category (id, category_name) values (10, 'Ford');
insert into category (id, category_name) values (11, 'Chrysler');
insert into category (id, category_name) values (12, 'Volvo');
insert into category (id, category_name) values (13, 'Hyundai');
insert into category (id, category_name) values (14, 'Hyundai');
insert into category (id, category_name) values (15, 'Volvo');
insert into category (id, category_name) values (16, 'BMW');
insert into category (id, category_name) values (17, 'Peugeot');
insert into category (id, category_name) values (18, 'Jaguar');
insert into category (id, category_name) values (19, 'Ford');
insert into category (id, category_name) values (20, 'Dodge');
insert into category (id, category_name) values (21, 'Porsche');
insert into category (id, category_name) values (22, 'Volkswagen');
insert into category (id, category_name) values (23, 'Hummer');
insert into category (id, category_name) values (24, 'Toyota');
insert into category (id, category_name) values (25, 'Audi');
insert into category (id, category_name) values (26, 'Oldsmobile');
insert into category (id, category_name) values (27, 'Mazda');
insert into category (id, category_name) values (28, 'Mercedes-Benz');
insert into category (id, category_name) values (29, 'Subaru');
insert into category (id, category_name) values (30, 'Toyota');
insert into category (id, category_name) values (31, 'Cadillac');
insert into category (id, category_name) values (32, 'Mitsubishi');
insert into category (id, category_name) values (33, 'Kia');
insert into category (id, category_name) values (34, 'Ford');
insert into category (id, category_name) values (35, 'Oldsmobile');
insert into category (id, category_name) values (36, 'Chevrolet');
insert into category (id, category_name) values (37, 'Dodge');
insert into category (id, category_name) values (38, 'Dodge');
insert into category (id, category_name) values (39, 'Isuzu');
insert into category (id, category_name) values (40, 'Buick');
insert into category (id, category_name) values (41, 'Mercury');
insert into category (id, category_name) values (42, 'Porsche');
insert into category (id, category_name) values (43, 'Land Rover');
insert into category (id, category_name) values (44, 'Nissan');
insert into category (id, category_name) values (45, 'Jaguar');
insert into category (id, category_name) values (46, 'Morgan');
insert into category (id, category_name) values (47, 'Chevrolet');
insert into category (id, category_name) values (48, 'Volkswagen');
insert into category (id, category_name) values (49, 'Ford');
insert into category (id, category_name) values (50, 'Toyota');
insert into category (id, category_name) values (51, 'Toyota');
insert into category (id, category_name) values (52, 'Dodge');
insert into category (id, category_name) values (53, 'GMC');
insert into category (id, category_name) values (54, 'Ford');
insert into category (id, category_name) values (55, 'Ford');
insert into category (id, category_name) values (56, 'Mercedes-Benz');
insert into category (id, category_name) values (57, 'Toyota');
insert into category (id, category_name) values (58, 'Mercury');
insert into category (id, category_name) values (59, 'Oldsmobile');
insert into category (id, category_name) values (60, 'Saab');
insert into category (id, category_name) values (61, 'Acura');
insert into category (id, category_name) values (62, 'Mercedes-Benz');
insert into category (id, category_name) values (63, 'Ford');
insert into category (id, category_name) values (64, 'Ford');
insert into category (id, category_name) values (65, 'Toyota');
insert into category (id, category_name) values (66, 'Saab');
insert into category (id, category_name) values (67, 'Mitsubishi');
insert into category (id, category_name) values (68, 'Honda');
insert into category (id, category_name) values (69, 'Subaru');
insert into category (id, category_name) values (70, 'Volkswagen');
insert into category (id, category_name) values (71, 'Chrysler');
insert into category (id, category_name) values (72, 'Chevrolet');
insert into category (id, category_name) values (73, 'Subaru');
insert into category (id, category_name) values (74, 'Oldsmobile');
insert into category (id, category_name) values (75, 'Pontiac');
insert into category (id, category_name) values (76, 'Toyota');
insert into category (id, category_name) values (77, 'Dodge');
insert into category (id, category_name) values (78, 'Lexus');
insert into category (id, category_name) values (79, 'Ford');
insert into category (id, category_name) values (80, 'Jeep');
insert into category (id, category_name) values (81, 'Volkswagen');
insert into category (id, category_name) values (82, 'Volvo');
insert into category (id, category_name) values (83, 'Nissan');
insert into category (id, category_name) values (84, 'Pontiac');
insert into category (id, category_name) values (85, 'Subaru');
insert into category (id, category_name) values (86, 'GMC');
insert into category (id, category_name) values (87, 'Audi');
insert into category (id, category_name) values (88, 'Subaru');
insert into category (id, category_name) values (89, 'BMW');
insert into category (id, category_name) values (90, 'GMC');
insert into category (id, category_name) values (91, 'Toyota');
insert into category (id, category_name) values (92, 'Maybach');
insert into category (id, category_name) values (93, 'Toyota');
insert into category (id, category_name) values (94, 'Lexus');
insert into category (id, category_name) values (95, 'Kia');
insert into category (id, category_name) values (96, 'Acura');
insert into category (id, category_name) values (97, 'Toyota');
insert into category (id, category_name) values (98, 'Ram');
insert into category (id, category_name) values (99, 'Dodge');
insert into category (id, category_name) values (100, 'Audi');

insert into product_category (id, product_id, category_id) values (1, 24, 88);
insert into product_category (id, product_id, category_id) values (2, 33, 97);
insert into product_category (id, product_id, category_id) values (3, 27, 38);
insert into product_category (id, product_id, category_id) values (4, 55, 61);
insert into product_category (id, product_id, category_id) values (5, 96, 25);
insert into product_category (id, product_id, category_id) values (6, 57, 82);
insert into product_category (id, product_id, category_id) values (7, 100, 34);
insert into product_category (id, product_id, category_id) values (8, 6, 58);
insert into product_category (id, product_id, category_id) values (9, 80, 87);
insert into product_category (id, product_id, category_id) values (10, 64, 64);
insert into product_category (id, product_id, category_id) values (11, 15, 67);
insert into product_category (id, product_id, category_id) values (12, 36, 88);
insert into product_category (id, product_id, category_id) values (13, 52, 31);
insert into product_category (id, product_id, category_id) values (14, 54, 58);
insert into product_category (id, product_id, category_id) values (15, 30, 21);
insert into product_category (id, product_id, category_id) values (16, 60, 74);
insert into product_category (id, product_id, category_id) values (17, 64, 58);
insert into product_category (id, product_id, category_id) values (18, 28, 70);
insert into product_category (id, product_id, category_id) values (19, 18, 28);
insert into product_category (id, product_id, category_id) values (20, 83, 11);
insert into product_category (id, product_id, category_id) values (21, 72, 1);
insert into product_category (id, product_id, category_id) values (22, 4, 41);
insert into product_category (id, product_id, category_id) values (23, 22, 48);
insert into product_category (id, product_id, category_id) values (24, 36, 7);
insert into product_category (id, product_id, category_id) values (25, 38, 51);
insert into product_category (id, product_id, category_id) values (26, 79, 99);
insert into product_category (id, product_id, category_id) values (27, 72, 93);
insert into product_category (id, product_id, category_id) values (28, 35, 70);
insert into product_category (id, product_id, category_id) values (29, 42, 26);
insert into product_category (id, product_id, category_id) values (30, 6, 95);
insert into product_category (id, product_id, category_id) values (31, 28, 4);
insert into product_category (id, product_id, category_id) values (32, 76, 81);
insert into product_category (id, product_id, category_id) values (33, 41, 58);
insert into product_category (id, product_id, category_id) values (34, 50, 27);
insert into product_category (id, product_id, category_id) values (35, 34, 29);
insert into product_category (id, product_id, category_id) values (36, 40, 86);
insert into product_category (id, product_id, category_id) values (37, 56, 66);
insert into product_category (id, product_id, category_id) values (38, 71, 44);
insert into product_category (id, product_id, category_id) values (39, 65, 38);
insert into product_category (id, product_id, category_id) values (40, 75, 3);
insert into product_category (id, product_id, category_id) values (41, 18, 60);
insert into product_category (id, product_id, category_id) values (42, 36, 96);
insert into product_category (id, product_id, category_id) values (43, 56, 51);
insert into product_category (id, product_id, category_id) values (44, 6, 12);
insert into product_category (id, product_id, category_id) values (45, 83, 39);
insert into product_category (id, product_id, category_id) values (46, 39, 93);
insert into product_category (id, product_id, category_id) values (47, 96, 84);
insert into product_category (id, product_id, category_id) values (48, 79, 77);
insert into product_category (id, product_id, category_id) values (49, 84, 57);
insert into product_category (id, product_id, category_id) values (50, 48, 47);
insert into product_category (id, product_id, category_id) values (51, 79, 74);
insert into product_category (id, product_id, category_id) values (52, 81, 63);
insert into product_category (id, product_id, category_id) values (53, 22, 28);
insert into product_category (id, product_id, category_id) values (54, 34, 87);
insert into product_category (id, product_id, category_id) values (55, 89, 8);
insert into product_category (id, product_id, category_id) values (56, 92, 63);
insert into product_category (id, product_id, category_id) values (57, 76, 11);
insert into product_category (id, product_id, category_id) values (58, 7, 84);
insert into product_category (id, product_id, category_id) values (59, 27, 14);
insert into product_category (id, product_id, category_id) values (60, 10, 38);
insert into product_category (id, product_id, category_id) values (61, 46, 98);
insert into product_category (id, product_id, category_id) values (62, 92, 49);
insert into product_category (id, product_id, category_id) values (63, 8, 30);
insert into product_category (id, product_id, category_id) values (64, 41, 29);
insert into product_category (id, product_id, category_id) values (65, 51, 69);
insert into product_category (id, product_id, category_id) values (66, 67, 15);
insert into product_category (id, product_id, category_id) values (67, 79, 62);
insert into product_category (id, product_id, category_id) values (68, 51, 64);
insert into product_category (id, product_id, category_id) values (69, 9, 7);
insert into product_category (id, product_id, category_id) values (70, 78, 40);
insert into product_category (id, product_id, category_id) values (71, 32, 44);
insert into product_category (id, product_id, category_id) values (72, 41, 53);
insert into product_category (id, product_id, category_id) values (73, 38, 98);
insert into product_category (id, product_id, category_id) values (74, 29, 70);
insert into product_category (id, product_id, category_id) values (75, 26, 68);
insert into product_category (id, product_id, category_id) values (76, 78, 80);
insert into product_category (id, product_id, category_id) values (77, 19, 20);
insert into product_category (id, product_id, category_id) values (78, 17, 64);
insert into product_category (id, product_id, category_id) values (79, 37, 96);
insert into product_category (id, product_id, category_id) values (80, 63, 53);
insert into product_category (id, product_id, category_id) values (81, 51, 47);
insert into product_category (id, product_id, category_id) values (82, 29, 86);
insert into product_category (id, product_id, category_id) values (83, 96, 16);
insert into product_category (id, product_id, category_id) values (84, 98, 12);
insert into product_category (id, product_id, category_id) values (85, 69, 19);
insert into product_category (id, product_id, category_id) values (86, 17, 97);
insert into product_category (id, product_id, category_id) values (87, 24, 18);
insert into product_category (id, product_id, category_id) values (88, 6, 7);
insert into product_category (id, product_id, category_id) values (89, 32, 21);
insert into product_category (id, product_id, category_id) values (90, 39, 88);
insert into product_category (id, product_id, category_id) values (91, 98, 44);
insert into product_category (id, product_id, category_id) values (92, 89, 26);
insert into product_category (id, product_id, category_id) values (93, 58, 30);
insert into product_category (id, product_id, category_id) values (94, 8, 78);
insert into product_category (id, product_id, category_id) values (95, 31, 82);
insert into product_category (id, product_id, category_id) values (96, 41, 57);
insert into product_category (id, product_id, category_id) values (97, 99, 18);
insert into product_category (id, product_id, category_id) values (98, 14, 67);
insert into product_category (id, product_id, category_id) values (99, 94, 90);
insert into product_category (id, product_id, category_id) values (100, 31, 25);